episode,steps,total_reward,eps,yield_kg_ha,n_applied_kg_ha,n_uptake_kg_ha,nue_re,nue_ie,nue_eunep,nue_fert,nsurp,nsurp_fert,n_apps
1,48,93.4992284245165,0.4464,9370.855372765987,140.0,285.015772084932,1.986136587519523,0.6690749267668349,1.3288741918482185,1.362120763103041,-47.19430289911659,-50.69690683578784,4
2,48,81.70410621030834,0.4428288,8182.583097466897,110.0,263.04499980266684,2.317524947993735,0.6330307215789553,1.4670644901112821,1.5137778730176144,-53.013012359513354,-56.515566033451364,4
3,48,81.92395565562015,0.4392861696,8225.552434241832,180.0,317.6579007941075,1.7310693687414767,0.5269505075045796,0.912187882386825,0.9299444001993965,16.113862013418355,12.610007963178703,4
4,48,81.55742634688039,0.4357718802432,8167.915995933297,110.0,256.55335196664305,2.2603309900057713,0.6478850860549512,1.4644347379782703,1.511064459233923,-52.71453133509041,-56.21709051724261,4
5,48,73.47760482370022,0.4322857052012544,7402.085481940301,210.0,343.89037858999393,1.6107101745343175,0.43802458264364486,0.7055306519623185,0.717297331222704,62.86989253513204,59.36756044251487,4
6,48,83.70177830908887,0.4288274195596444,8391.307694370013,140.0,285.7116195125499,1.9909771769125746,0.5976764678705386,1.189960206712129,1.2197365112800715,-27.259899778868885,-30.76311158042975,4
7,48,85.59279028574963,0.4253968002031672,8575.369475513193,90.0,248.59101436767617,2.6586441250888506,0.7019914588219427,1.8663454678670173,1.93898632027505,-81.00583926228263,-84.50876882669348,2
8,48,93.9115800150197,0.42199362580154187,9417.084897022565,140.0,295.95101358349154,2.0623280698620916,0.6475317497086329,1.3354229035555403,1.368840554664574,-48.13431468014704,-51.6376776544092,3
9,48,87.60688861750054,0.4186176767951295,8769.738490440855,100.0,247.71212801427777,2.3932989558793616,0.7204499017079395,1.724251997527961,1.7846417827868675,-74.96180244758327,-78.4641782804714,4
10,48,87.03942504739874,0.4152687353807685,8725.005038454405,100.0,257.66270328213506,2.4894385491904405,0.6890941151752197,1.715457454344127,1.7755385253077158,-74.05151729176085,-77.55385253254713,4
11,48,78.5871070977377,0.41194658549772234,7878.941588122812,80.0,227.2624719720859,2.7216012542767274,0.7055122648550943,1.9201230649456884,2.004205766453688,-76.83323996570624,-80.33646131829923,3
12,48,93.35905360012173,0.40865101281374056,9389.83551790859,210.0,354.22198324425426,1.6590952527699796,0.5394446472203808,0.8949900533380368,0.9099197751834758,22.419949368917827,18.916847210560178,4
13,48,83.20714838966714,0.40538180471123064,8344.851667244377,110.0,248.3833044897046,2.1883561504727864,0.6836922142437245,1.496162062076636,1.543797558426175,-56.31550080026231,-59.81773142842306,4
14,48,83.29126365207946,0.4021387502735408,8359.257985833001,170.0,306.3056499381431,1.7654266869211115,0.5553632459783202,0.980453095388461,1.0006523530041231,3.3914335632893255,-0.11090001170157393,4
15,48,86.64174683274005,0.39892164027135246,8768.230099754055,220.0,357.93793324602404,1.6014861342139606,0.4985039750085738,0.798347203829004,0.8110612842235635,45.07012802115423,41.56651747000498,4
16,48,84.49528481820671,0.39573026714918164,8476.644055787292,120.0,253.08721847736098,2.0492341175650997,0.681582055278782,1.3967212016029404,1.4374975544486157,-48.99638580389981,-52.4997065352714,4
17,48,81.0473864469412,0.3925644250119882,8140.915600462917,110.0,250.65359381152106,2.20834603230748,0.6609425779601357,1.459589919627166,1.506069386071948,-52.164770987423765,-55.66763246942037,4
18,48,84.49372294320098,0.38942390961189227,8467.47900685206,90.0,242.49611738316656,2.593455269946368,0.7105812647567378,1.8428607258161165,1.9145910865280535,-78.81009396085946,-82.31319778943941,4
19,48,88.64446589375284,0.38630851833499713,8978.449996598185,230.0,370.190408254524,1.585379151515539,0.4935607551037801,0.7824809311499135,0.7943976409999073,50.79130302817208,47.288542569226934,4
20,48,82.62201667541558,0.38321805018831717,8295.352631737434,140.0,273.0693480204661,1.9028735584608476,0.6181961735323971,1.1763491525607799,1.2057887575332216,-25.30675141368178,-28.810426055856794,4
21,48,84.72602017544577,0.38015230578681064,8496.704690495366,150.0,304.66387713650306,1.9847435354840657,0.5675367295793412,1.1264148551860629,1.1527196030028533,-19.40504615435208,-22.907940451580686,4
22,48,99.06495578501129,0.3771110873405161,10064.28129863029,220.0,357.0446039150288,1.5974922714189634,0.5736205565938032,0.9163544058882112,0.9309460201190703,18.695056340244975,15.191875572873585,4
23,48,89.23131952583202,0.374094198641792,8990.139063659359,230.0,360.97263295445896,1.545900808558174,0.5068232692533298,0.7834985017369901,0.7954318693246631,50.55377125905494,47.05067005453205,4
24,48,85.03168900757754,0.3711014450526577,8545.259814072717,210.0,344.5430766994012,1.6137615011921635,0.5047149369005949,0.814489534249176,0.8280763676931034,39.60705877596902,36.103962783620204,4
25,48,91.98696125689554,0.3681326334922364,9243.652638217467,220.0,356.5888905894393,1.5954580579471336,0.5275215693799545,0.8416385386105266,0.8550378690312291,35.39418510321653,31.89166881227456,4
26,48,77.59138502308593,0.3651875724242985,7841.381649589786,130.0,282.9999978113925,2.119799326367446,0.563859073507613,1.1952680841918337,1.2274778197532668,-26.068914502270502,-29.572116569152143,3
27,48,82.24219562526318,0.3622660718449041,8328.352746143755,220.0,354.2140749624753,1.5848297397098634,0.47847330290729273,0.7582987201068241,0.7703726290147956,54.02094188912449,50.51802161597459,4
28,48,81.27321070332378,0.3593679432701449,8241.48034370808,230.0,365.8478643861148,1.5667799754759517,0.45842586856539913,0.7182524711104011,0.7291918477988272,65.78890038944098,62.28587500554056,4
29,48,85.55568951047792,0.35649299972398374,8659.637023643061,220.0,358.17834810248644,1.602562116043498,0.49199962634318983,0.7884599622873539,0.8010164246833422,47.27995283634556,43.7763865688637,4
30,48,87.67879348139563,0.35364105572619187,8871.911910201967,220.0,356.51432964875255,1.5951169448089806,0.5064127648108278,0.8077875822195821,0.8206518516899518,42.96016132018633,39.456592627389966,4
31,48,94.20601388767948,0.35081192728038235,9524.500863595229,220.0,353.2775001370722,1.580637286297518,0.5486440333686986,0.8672072160496794,0.8810163298785542,29.679612872172072,26.176407425837084,4
32,48,92.09122934239488,0.3480054318621393,9323.059572325023,230.0,370.08758589855626,1.5849387933901873,0.5126469233915519,0.8125139961975936,0.824888096939084,43.77849972805441,40.2757377031858,4
33,48,94.55668141031299,0.34522138840724215,9559.562409105034,220.0,360.0831767639129,1.611084788793761,0.5402559952205006,0.8703982159568006,0.8842595228381963,28.966459391547772,25.462904974712558,4
34,48,81.85208155266047,0.3424596172999842,8256.36104972277,220.0,341.5252897587846,1.5280602949362194,0.49196048550324,0.7517452845772478,0.7637133970958847,55.48554850759402,51.98305263814166,4
35,48,84.49531237074403,0.3397199403615843,8526.629556996335,240.0,364.3358393774014,1.4962251235395991,0.476255401557297,0.712585297033424,0.7229871311839684,69.98644482423461,66.48308851512459,4
36,48,93.45339733986897,0.33700218083869166,9396.267355515794,240.0,351.8435802368489,1.444927423324824,0.5434632075864061,0.7852648922119015,0.796725169516457,52.28855643933662,48.78595931525359,4
37,48,88.93048036657825,0.3343061633919821,9051.047896522965,220.0,356.9839290983058,1.597222147778573,0.5159583098291372,0.8241000397918053,0.8372219304245687,39.31416741815991,35.81117530575767,4
38,48,90.7814468473991,0.33163171408484626,9206.10547753329,190.0,329.8916244562929,1.7048424588174955,0.5678963410362535,0.9681737944086402,0.9860223498253498,6.158456816233468,2.6557535321975365,4
39,48,91.57873868055354,0.3289786603721675,9315.810948921126,220.0,353.87876624102194,1.5833315599946125,0.5357110143220379,0.8482081560152054,0.8617125127712874,33.92587619070025,30.423247189455083,4
40,48,89.83616714408437,0.32634683108919016,9026.618265755285,150.0,298.15145541240895,1.9423204512928476,0.6161019118736751,1.1966673435168764,1.224611211379303,-30.18897044746734,-33.69168170812006,4
41,48,90.11994718570865,0.32373605644047665,9082.98798208556,220.0,361.272207077384,1.6164124522637018,0.5116330617576051,0.8270100520170856,0.8401763883390954,38.66368402498378,35.161194564558855,4
42,48,88.68644029296894,0.32114616798895285,8987.649242503949,200.0,340.5519413249136,1.6734532777389806,0.5370653926471628,0.8987538416882064,0.9144933104202044,20.603847279012854,17.10133791504464,4
43,48,82.11646753089454,0.31857699864504124,8342.78253685986,240.0,374.5014855125762,1.5379751658163139,0.45333765336678106,0.6972220526094154,0.7073984359349615,73.72732251921636,70.22437537490183,4
44,48,80.88863365382612,0.3160283826558809,8146.040685023386,220.0,337.6204537601059,1.510582100479984,0.49100084456827114,0.741697087127582,0.7535087633612382,57.73161658828212,54.22807205977409,4
45,48,87.42432893476288,0.31350015559463384,8846.463114742228,220.0,365.22742607996867,1.6341069256538994,0.4929134876773843,0.805473343964037,0.8182978381099365,43.477246666642884,39.97447561499567,4
46,48,88.2130140069446,0.31099215434987676,8854.338692678148,140.0,282.9793775841076,1.9719386039970195,0.6367453131520456,1.255622663923127,1.2870413742479518,-36.6826544136357,-40.185792396000295,4
47,48,84.36695048419287,0.30850421711507775,8537.798079081249,210.0,349.72070000427834,1.6380184383891796,0.49680842714394974,0.813781364011244,0.8273532900403623,39.75810662683065,36.25580909069657,4
48,48,88.5645041581749,0.30603618337815713,8910.467662562756,210.0,346.7210479626609,1.6239607751924545,0.5229795479625936,0.8492982721215824,0.8634667472966125,32.17532209912673,28.6719830668479,4
49,48,88.13239002338877,0.3035878939111319,8981.249662128674,230.0,375.1854780179079,1.6067690947461093,0.4871415375386883,0.7827239672863522,0.7946453505370603,50.734615484235974,47.23156937568149,4
50,48,83.36846033454351,0.3011591907598428,8440.971172553174,220.0,367.33552436793104,1.6435354263851223,0.4676208859912423,0.7685514922462973,0.7807898334576197,51.729495813323496,48.2262366385429,4
51,48,86.52776376145955,0.2987499172337641,8697.845314027594,140.0,290.1424957625036,2.0218621630767997,0.6100490439178409,1.2334350795229105,1.2642939438514091,-33.498542981905985,-37.001152140461556,4
52,48,91.23257199257513,0.296359917895894,9224.219994147572,210.0,350.88817076815417,1.6434796299950871,0.5349649618265345,0.8792040175255146,0.8938708422857582,25.790329585708008,22.28712311909692,4
53,48,95.17295693610788,0.29398903855272684,9638.168337721021,230.0,362.176422124309,1.5510521049378716,0.5415502326784863,0.8399726283278797,0.8527683724859566,37.36698511165494,33.86327432737721,4
54,48,93.09488859371855,0.29163712624430504,9383.419397714535,230.0,375.4343917153125,1.6078381250078764,0.5086177211164482,0.8177749630678273,0.8302286293159156,42.550020944420424,39.0474152565092,4
55,48,82.25571724566538,0.2893040292343506,8299.71542731441,230.0,361.8867190400898,1.549818010002466,0.4667184509931432,0.7233286609516254,0.7343443867178866,64.60350989141972,61.100791054151756,4
56,48,92.61211761150483,0.2869895970004758,9294.154180314421,140.0,281.01340186182443,1.9582389692019677,0.673049884153655,1.3179925113712472,1.350971696914625,-45.63291753171157,-49.13603756939847,4
57,48,84.93592194512509,0.284693680224472,8557.688399888086,220.0,361.4440650324209,1.617180582554552,0.4818144099879462,0.7791809082296403,0.7915861769860498,49.35364116142949,45.85104106227746,4
58,48,87.3591657200618,0.28241613078267624,8809.964336083407,230.0,364.42258530750837,1.5606722278904157,0.4919639491814766,0.7677944726129292,0.7794903227761646,54.22082683300678,50.71722576070266,4
59,48,84.72279519105487,0.28015680173641483,8553.374191489413,190.0,334.6361586311267,1.7293609692732332,0.520150498703755,0.8995279706089693,0.9161113936625971,19.441617199032976,15.93883520319045,4
60,48,77.80839262193335,0.2779155473225235,7860.074122368861,80.0,221.9699034552572,2.658233963339349,0.7206044869129188,1.9155353212552757,1.9994063548525864,-76.44973680807138,-79.95250839020633,3
61,48,80.85950036782518,0.2756922229439433,8190.113333560251,220.0,364.3712341188451,1.6302745042434676,0.4574148306206087,0.7457117362256691,0.7575854833508797,56.834188506651515,53.33119366204889,4
62,48,91.62500942289917,0.27348668516039176,9254.452065765652,140.0,278.90678457131787,1.9435630169365994,0.6752367097384085,1.3123650967302294,1.3452007109784703,-44.82527398602093,-48.32809953833103,4
63,48,93.46711932202173,0.27129879167910864,9417.634065111373,180.0,318.5980970353579,1.7362013540152152,0.601537972159155,1.04439104175757,1.0647158512441763,-8.145887801784966,-11.648853225016438,4
64,48,84.90168356297315,0.2691284013456758,8551.261680350133,170.0,303.93240113905176,1.7517405596828155,0.5725555239993574,1.002968734063422,1.023636324671186,-0.5150845363506562,-4.018175195125224,4
65,48,93.13676623125646,0.26697537413491035,9384.607826560336,180.0,327.0186007842982,1.7820875884221499,0.5839935979540422,1.0407277426350758,1.0609820514968993,-7.473667118236278,-10.976769270502842,4
66,48,78.62178233949575,0.26483957114183104,7914.4026798025025,100.0,239.5395510945697,2.3143192822135576,0.6723653517649082,1.5560680982883246,1.6105809453237034,-57.554851514225675,-61.05809453398092,4
67,48,78.19526690795091,0.2627208545726964,7890.754234392657,180.0,324.8894387729988,1.7704756402995205,0.4942507496576146,0.8750589124712767,0.8920936037166584,22.927194749913326,19.42315133010942,4
68,48,91.90153692771935,0.2606190877361148,9238.106418710415,150.0,287.0790548424758,1.8701836384286674,0.6548560838869202,1.224701133615055,1.2533031041300242,-34.49232884761625,-37.99546562075693,4
69,48,85.00353556359505,0.2585341350342259,8618.436188566235,180.0,312.8649960286737,1.7049572367410453,0.5605778168315398,0.9557612055664848,0.9743620913130474,8.11795741546348,4.614823562677117,4
70,48,82.00319755759708,0.2564658619539521,8241.47455112726,80.0,238.1345358805033,2.851812207084367,0.7042825875491444,2.0084816804180488,2.0964250889167912,-84.21112593480433,-87.71400711543973,4
71,48,82.9727344257185,0.2544141350583205,8378.404150630613,230.0,366.36223243394835,1.568986191360344,0.46538783032338693,0.7301870794065379,0.7413066281069203,63.001997385885886,59.49947553466703,4
72,48,84.97915145625959,0.25237882197785394,8655.987975808574,220.0,360.16040099588565,1.6114351770567694,0.4890858484723523,0.7881301408311936,0.8006788877586536,47.353523444200874,43.85064469229553,4
73,48,86.92919782469183,0.25035979140203113,8850.95139774519,220.0,363.6677892435064,1.6271252775240137,0.4952785654134902,0.8058802732023366,0.8187130042877087,43.38639001347008,39.88313905588538,4
74,48,84.71000515021524,0.24835691307081487,8542.092339609158,180.0,322.1092590917885,1.7553321558324075,0.5396665081924005,0.9472939752588548,0.9657309950560037,9.671729946311842,6.168420888953619,4
75,48,84.8896517017165,0.24637005776624835,8569.057365642966,140.0,281.60105733175726,1.9623338226819278,0.6192459610859194,1.2151672940023917,1.24557369563992,-30.877181443796616,-34.380317390834364,4
76,48,72.8684587541,0.24439909730411835,7349.182080660536,110.0,255.31572341009215,2.249417524254592,0.585768292462886,1.3176374622238656,1.3595986849098392,-36.052817041583026,-39.55585534144191,4
77,48,93.95822178889115,0.2424439045256854,9476.733186418498,190.0,318.60852167140195,1.646529699208136,0.6052930390289726,0.9966329654882807,1.0150080018031655,0.651531452523983,-2.8515203436164427,4
78,48,81.93200190924297,0.24050435328947992,8260.354821348916,80.0,241.4341411053802,2.891339734364817,0.6962487568830763,2.013091695786486,2.101227757654365,-84.5957050736649,-88.09822061445044,3
79,48,96.62666814799177,0.23858031846316408,9754.515599179342,180.0,322.618082297907,1.75811636092515,0.615292208759038,1.0817552989723906,1.1028021802344268,-15.002270816729947,-18.504392443299594,4
80,48,90.91119013031613,0.23667167591545876,9165.088911915898,230.0,374.19174116315776,1.602513104767979,0.4984331262289054,0.7987456166344278,0.8109111276377289,46.9935178081318,43.49044064251146,4
81,48,82.08296563814832,0.23477830250813508,8279.447861742483,180.0,317.9487062668628,1.732659546907224,0.529918067490151,0.9181675987183245,0.9360375776973527,15.016513869057292,11.513236013540478,4
82,48,81.75089723571628,0.23290007608807,8205.258046962235,90.0,239.4077762215552,2.5604352693377277,0.6974585533113948,1.7857974788072224,1.8553000139314022,-73.47423667264283,-76.9770012556815,4
83,48,83.42863585354779,0.23103687547936544,8410.984548167367,100.0,248.64524798790595,2.4022962268275507,0.6883845033822762,1.6537034950884504,1.7116353555349428,-67.66037669878872,-71.16353555520593,4
84,48,81.58562209270464,0.2291885804755305,8223.723506235883,90.0,241.8374987770823,2.5864327267588436,0.6920050620663606,1.7898245396186205,1.859475259444897,-73.85043854439431,-77.35277335190023,4
85,48,85.70686523021354,0.22735507183172626,8656.76284406365,160.0,309.1622529100794,1.890869470092147,0.5698144654398141,1.0774447763205062,1.1010320242224643,-12.662429588060832,-16.165123876695304,4
86,48,75.71204134421234,0.22553623125707245,7636.4824282133695,160.0,298.4536992903551,1.8253784775304445,0.5206918787843063,0.9504597489609484,0.9712651088323175,8.09994823898424,4.5975825858579356,4
87,48,72.51600465689646,0.22373194140701588,7279.953433336311,60.0,220.2766230097708,3.4687253131784286,0.6725500434113248,2.3328913599707044,2.46911753943208,-84.64342982168372,-88.14705236839393,4
88,48,91.65436568526704,0.22194208587575975,9242.400102395113,200.0,354.5095805652219,1.74203878835502,0.5305437494336122,0.924227790435266,0.9404142104140008,15.419848518365797,11.917157916259441,4
89,48,83.9619886680941,0.22016654918875367,8451.31238905382,190.0,327.5819689215464,1.692906021901201,0.5250112137823718,0.8887946453805492,0.9051800374544215,21.518541813829984,18.015792882754738,4
90,48,83.76720927677123,0.21840521679524363,8427.837061653681,160.0,303.5294650632936,1.8564148848646231,0.5650406433139,1.0489498608048622,1.0719155262723783,-8.003450730768293,-11.506484204652423,4
91,48,89.36904351112187,0.2166579750608817,8994.908910996655,200.0,341.72525851313594,1.6792129052750095,0.5356536919005944,0.8994765922003141,0.9152319816893335,20.456838681610805,16.953603661218068,4
92,48,89.86988405206012,0.21492471126039464,9022.98932817371,190.0,339.97429172276753,1.7569501811449284,0.5400932873404625,0.9489169990307766,0.9664096464598347,9.884689536564423,6.382167171665003,4
93,48,90.67333912368684,0.21320531357031147,9148.31424951878,190.0,330.1289710750733,1.7060667583030193,0.5639256511504636,0.9620948075851049,0.9798326051406703,7.334767005877836,3.8318050222928264,4
94,48,83.88019751150176,0.21149967106174897,8416.145202665199,100.0,240.0706377183679,2.3194617244055857,0.7134090053713369,1.6547248818119675,1.712685548725241,-67.76581749771384,-71.2685548742368,4
95,48,70.56226381428706,0.20980767369325498,7106.611725750223,70.0,218.39767479097793,2.9713044534995463,0.6621844704013723,1.9675516659508447,2.065993551670729,-71.11726091814478,-74.61954861901702,4
96,48,82.66551220995477,0.20812921230370893,8293.69991156872,80.0,235.6111763982864,2.8216123574752365,0.7163361084127867,2.0212228156118184,2.1097099149789216,-85.27447376548575,-88.77679320042344,4
97,48,87.6806584173319,0.20646417860527924,8813.10946983922,180.0,323.85244359361934,1.7648388376302255,0.5537916457277827,0.9773530043385675,0.9963709872790656,4.155781665079644,0.6532222887718433,4
98,48,84.944438919393,0.204812465176437,8536.542625080949,210.0,355.18068607719897,1.6635888291283478,0.4890993492313663,0.8136602137175364,0.8272316305693814,39.78404517677504,36.281357579602684,4
99,48,84.45869098609502,0.2031739654550255,8495.975840941313,110.0,250.24963557502474,2.2047858907453857,0.6908825579913045,1.5232481160273956,1.5717555305598543,-59.390188817432175,-62.89310836315573,4
100,48,79.80271861819526,0.2015485737313853,8040.472413170227,230.0,354.9251047391043,1.5200033754147064,0.4610088478464445,0.7007350048246148,0.711407015683925,69.87922623979159,66.37638639198587,4
101,48,86.15618623876945,0.19993618514153422,8698.685484002366,110.0,257.0606899131878,2.264796648658764,0.6886243464861957,1.5595941121128347,1.6092568145258082,-63.515481011744285,-67.01824959944815,4
102,48,90.8891192827175,0.19833669566040193,9226.868776738625,240.0,368.820604748621,1.5146504081004182,0.5091005686466435,0.7711093840668843,0.7823615816910361,55.73535314600767,52.23322039336898,4
103,48,84.2633963653352,0.19675000209511873,8564.430500433433,240.0,378.2588064963347,1.5534026841272635,0.4607590297703972,0.7157443135831009,0.726192336179559,69.21722086678875,65.71383931617964,4
104,48,90.09009618451542,0.19517600207835778,9080.98998295495,160.0,305.2945088695993,1.8672170286187193,0.6053110710597841,1.1302471394979667,1.1549884134498642,-21.295722927283123,-24.798146153133246,4
105,48,91.66947080658412,0.19361459406173093,9359.883472019563,220.0,354.3024242834824,1.5852194452694892,0.5376018214954686,0.8522168612493191,0.8657892211578742,33.030079515017604,29.526371344401895,4
106,48,80.33367278708327,0.19206567730923707,8099.547889963669,180.0,325.4091416308922,1.7733211259596162,0.5065186513635629,0.89822022515834,0.9156988864435831,18.67685930088615,15.174200439239343,4
107,48,79.83707835114473,0.19052915189076317,8001.914813262931,90.0,229.34617072870807,2.4528066586535924,0.7100138883147593,1.7415267930025629,1.809321849423237,-69.3353998654275,-72.83896644990065,4
108,48,86.95252289664155,0.18900491867563707,8771.303896940322,150.0,287.49359385946866,1.8728826070777749,0.6208696058436917,1.1628158860519284,1.189973562010304,-24.99276999180958,-28.496034302735552,4
109,48,86.20575544438277,0.18749287932623196,8720.636417154847,200.0,340.73419970881156,1.6743492611024449,0.520831050244561,0.8720530841387504,0.8873247554410691,26.03751259806708,22.535048910898865,4
110,48,91.3087098181739,0.1859929362916221,9202.838539109569,160.0,308.76267436916487,1.8884301753967352,0.6065427586184168,1.145413648047106,1.1704860266856827,-23.77546570037029,-27.277764270879715,4
111,48,81.89615775097852,0.18450499280128912,8281.764179206455,180.0,320.39276146081954,1.745978801124081,0.5260228111206412,0.9184246771272027,0.9362994502550837,14.96933579245109,11.466098953148645,4
112,48,81.30231267798898,0.18302895285887882,8167.408931845861,90.0,225.9917965267407,2.4169436938463074,0.7354548895878229,1.7775530575055865,1.8467419084579615,-72.7036433700795,-76.20677176306327,4
113,48,88.08625086178947,0.18156472123600778,8968.63708792803,220.0,357.62354789140466,1.6000823355219391,0.5103460491204742,0.8165956982033661,0.8295989306295719,40.99145128307603,37.488235260664595,4
114,48,82.10809798502872,0.18011220346611972,8270.964008478953,160.0,305.6078217854596,1.8691283973481851,0.5507519951179605,1.0294261939745173,1.0519632348218422,-4.811266608873069,-8.314117572546706,4
115,48,89.352082098811,0.17867130583839078,9030.204495370916,190.0,318.88542509020493,1.647960149494107,0.5762717484759278,0.9496728767705983,0.9671824288412156,9.738455197386628,6.235338519201861,4
116,48,94.9669040256265,0.17724193539168365,9543.589774885451,100.0,257.02743583374763,2.483294946821668,0.7556082536020979,1.8763981579541356,1.9421205191697681,-90.7094711400107,-94.21205191891895,4
117,48,80.64949750067487,0.1758239999085502,8138.133408108087,110.0,237.1210002022423,2.089120108989637,0.6984240734184245,1.4590917763870388,1.505554680486309,-52.10820609843066,-55.61101485499955,4
118,48,80.17143855020346,0.17441740790928179,8079.332224686518,150.0,294.732742082187,1.9200440404679762,0.5578423680052671,1.0710819142126906,1.096096071808497,-10.911295287357518,-14.414410772370644,4
119,48,84.4463615838217,0.17302206864600753,8523.737383127767,160.0,292.09940364154244,1.7865086890389463,0.5938322830638844,1.0608865335290965,1.0841128484097873,-9.955126579878964,-13.458055746650075,4
120,48,91.9463402697065,0.17163789209683947,9391.562311730526,210.0,351.4019134109815,1.6458908069546019,0.5438737973508136,0.8951568832057418,0.9100871097276482,22.38427463848376,18.881706956283807,4
121,48,87.63856625447667,0.17026478896006475,8905.881456100893,230.0,377.77465425847606,1.61785936635731,0.4797428456043835,0.7761564562060151,0.7879769027428922,52.26808900797309,48.76531236834683,4
122,48,84.07379786549235,0.16890267064838424,8483.489060959264,150.0,282.22862974129725,1.8385879101553517,0.6116991126951138,1.1246625932579772,1.1509266825958007,-19.136073223749918,-22.63900239052103,4
123,48,84.7635484413248,0.16755144928319715,8599.433151946534,190.0,330.2593892795544,1.7067476749524828,0.5298818756473,0.9043746592632282,0.9210445507431102,18.50371152874021,15.00153535788803,4
124,48,84.94027128211414,0.16621103768893158,8630.10253131626,210.0,345.53581241133963,1.618413709232966,0.508261604741304,0.822577548992454,0.836298031006903,37.88018502162868,34.37741348771408,4
125,48,89.45231001774297,0.16488134938742013,9033.233452306056,150.0,293.5463128880634,1.9123141291540557,0.6262258890095466,1.1975406155990949,1.2255086716880184,-30.323114007590647,-33.826300754428246,4
126,48,90.96787950019925,0.16356229859232077,9184.754401917318,150.0,300.203951902884,1.9556967169510615,0.6226092324689322,1.2176348318869668,1.2460650138518092,-33.40744811802935,-36.90975207901744,4
127,48,84.29618097559229,0.1622538002035822,8547.714179723285,180.0,315.79711053947915,1.7209420324414233,0.5508156273490422,0.9479217652335601,0.9663665753133472,9.556484616850241,6.054016442631138,4
128,48,82.69263979886604,0.16095576980195356,8326.404810035709,110.0,256.2777468175649,2.2578844238935036,0.661166800425265,1.4928382202815356,1.5403848898426027,-55.93885466634754,-59.442337884226674,4
129,48,78.80635722947973,0.15966812364353794,7901.859344134701,60.0,210.83869323308622,3.320086246958865,0.7626818170164235,2.532169411493835,2.6800472941743525,-97.29885686863886,-100.80283765314118,4
130,48,90.56349183002416,0.15839077865438964,9184.315306052316,190.0,326.9775048003612,1.6897844580586165,0.5716014518849144,0.9658832496018225,0.9836885077746367,6.6016762446847395,3.099183521835357,4
131,48,90.13250137778059,0.15712365242515453,9097.24232125825,200.0,338.5737388883744,1.6637286702552925,0.5467904328459876,0.9097109197498576,0.9256444061833989,18.374096705761957,14.871118762394588,4
132,48,85.8128486559319,0.1558666632057533,8650.362675002634,150.0,298.164103229144,1.9423972274920018,0.5903959548759883,1.1467834658774587,1.1735658695675337,-22.531725156275087,-26.03488043630361,4
133,48,83.88611509275012,0.15461972990010728,8527.711765533017,220.0,366.2226860894686,1.6385539666628235,0.47386178142368623,0.7764481016038131,0.7888133383082185,49.964650768356364,46.46106557140311,4
134,48,86.40743221835803,0.15338277206090642,8748.803808296367,170.0,314.43131710787736,1.8122567876906623,0.5662227259544322,1.026140978458893,1.0472832793987281,-4.535528488545339,-8.038157498831055,4
135,48,90.9546874836595,0.15215570988441918,9242.42429128547,270.0,410.4434446477396,1.5006953031520007,0.4582442155669519,0.6876849419995731,0.6966049419517137,85.41885081556052,81.91666567234068,4
136,48,91.587518085028,0.15093846420534382,9266.704335691218,170.0,314.0496379056657,1.8100537622828186,0.6004701501593859,1.0868832544379863,1.1092790190012178,-15.074499535148107,-18.57743323131629,4
137,48,86.17371693197106,0.14973095649170107,8742.430359902903,220.0,361.27183948314473,1.6164020162344646,0.49245038882094216,0.7959978013878203,0.8086748082873428,45.59524722772997,42.09154217597592,4
138,48,82.93668112477582,0.14853310883976745,8344.809879668313,90.0,236.57315954751994,2.5300993239863625,0.7178197280508554,1.8161552086932207,1.8868542338818148,-76.31337417221947,-79.81688105125019,4
139,48,88.13918756793878,0.14734484396904932,8885.945491306727,160.0,300.1991281044195,1.836054468339171,0.6023634775001446,1.1059721544321464,1.130181192168511,-17.326690963852485,-20.82899074809191,4
140,48,85.72304659498732,0.14616608521729693,8660.371925391431,150.0,291.67742447769155,1.9001380280360138,0.6042242350319118,1.148109446449042,1.1749237912036048,-22.735286197932197,-26.238568681715634,4
141,48,86.63406315870961,0.14499675653555855,8782.45347101009,200.0,332.4237773867121,1.6335084095794845,0.5376358139586611,0.878232623395226,0.8936146406708088,24.78002014217742,21.277071864944645,4
142,48,78.06360674730847,0.14383678248327408,7915.586029747119,190.0,327.003851343447,1.6899143933068252,0.4926002401594934,0.8324522359944724,0.8478009247605583,32.421029330894044,28.917824294646124,4
143,48,79.62456971111618,0.1426860882234079,8070.646869515493,170.0,312.12234414937586,1.7989432434066175,0.5261964318565833,0.9465975157961037,0.9661039046686716,9.265499960830994,5.7623362053597305,4
144,48,84.83368295603098,0.14154459951762063,8530.467202162665,100.0,250.76636435749438,2.422800114111313,0.6922579429984463,1.6772026232977868,1.7359500756227426,-70.09230303031282,-73.59500756401022,4
145,48,86.43397148414661,0.14041224272147967,8699.46215181763,130.0,278.0285662538745,2.08256870328742,0.6367477168774018,1.3260708670633656,1.3618004214471306,-43.53134450054972,-47.03405478948878,4
146,48,93.14782154690852,0.13928894477970782,9459.702471141067,240.0,379.87952296505466,1.5600571493144981,0.5067526245812481,0.7905630549139431,0.8021039386954942,50.99864887895248,47.495054712279284,4
147,48,81.0374714516324,0.13817463322147017,8198.910904648978,190.0,330.7376107040292,1.709204103825882,0.5044719182494524,0.8622454729394858,0.8781465100459397,26.656034255924112,23.152163090393316,4
148,48,92.53520323042093,0.1370692361556984,9324.46508280331,180.0,322.7146331352176,1.7586397182009068,0.5879896507666352,1.034061953732489,1.0541825801888511,-6.250450726572211,-9.752864435047371,4
149,48,80.26682796618753,0.13597268226645282,8057.879762332952,110.0,245.61991587372992,2.163994664165118,0.6676081317734304,1.4447004349168284,1.4907077560180442,-50.474839529046164,-53.97785316347557,4
150,48,85.83780097504459,0.1348849008083212,8681.851157828447,160.0,303.4197743095996,1.8557501665482297,0.5822813343765544,1.0805686832507775,1.1042229441294042,-13.173180383272722,-16.675671061808885,4
151,48,87.05112841078927,0.1338058216018546,8803.156584761975,160.0,308.7600910957307,1.8884064241202423,0.580205284509333,1.0956633865794858,1.1196514781174158,-15.641249457439784,-19.144236499906185,4
152,48,86.87284448695445,0.1327353750290398,8823.328706565244,210.0,349.367518361551,1.6363588391341064,0.513942280668097,0.8409939937783896,0.8550225675130843,33.948259066443285,30.445260821397284,4
153,48,77.69761152991556,0.13167349202880746,7818.003871661668,190.0,320.98333080700905,1.6588085342116372,0.4956530869930933,0.8221935707150476,0.8373493620393558,34.40595989955557,30.90362121168505,4
154,48,80.4719486084556,0.130620104092577,8104.38148454865,70.0,226.28432481301076,3.078593692002725,0.7288360046420392,2.2437899264053662,2.3560594744029855,-91.4216658210096,-94.92416321056504,4
155,48,88.28752388030989,0.12957514325983638,8873.779854282355,180.0,321.2980878556726,1.7509112913062501,0.562037020634873,0.9840769655647859,1.003230111298015,2.921930163193281,-0.5814200346459302,4
156,48,89.79521283532827,0.12853854211375768,9083.51107437351,220.0,355.05660529474403,1.5886006962094894,0.520619663474591,0.8270567598584145,0.8402247743757305,38.65328770047259,35.15054963649908,4
157,48,94.13249454176758,0.12751023377684761,9462.1646948489,170.0,308.9269174071433,1.780528266727032,0.6233029259984432,1.1098084784774878,1.132676773759073,-19.052095603826814,-22.5550515401751,4
158,48,94.31809780702736,0.12649015190663282,9506.712049403966,210.0,339.60331546166765,1.5906232119329171,0.5696693212249803,0.906129245469191,0.9212456676402356,20.041716493764426,16.538409794629274,4
159,48,71.25411233162183,0.12547823069137976,7192.777677626656,230.0,348.84308794763314,1.493957508302153,0.4195956027119441,0.6268580011238731,0.6364044597350699,87.12965824398796,83.62697426029754,4
160,48,74.29192787762645,0.12447440484584872,7471.503625926347,90.0,240.2820568179331,2.569770787780945,0.6327775814828164,1.6260933440639858,1.6893899865101305,-58.54179570785361,-62.04509878760115,4
161,48,90.68827639341502,0.12347860960708193,9136.812742070866,130.0,268.9261799719044,2.0143899966332035,0.6913947140433702,1.392738595699218,1.4302626099977838,-52.43159986271863,-55.934139301142125,4
162,48,85.99204800724654,0.12249078073022528,8668.277429960883,150.0,294.32845654099094,1.9174130046743405,0.5993285452999941,1.1491603468346676,1.1759963046568531,-22.896545791573203,-26.39944569970396,4
163,48,84.64841485145278,0.12151085448438348,8532.942049513154,210.0,353.84153097159,1.6573097135911332,0.49074332860334585,0.8133136853766689,0.8268827176512658,39.85819357383119,36.35462929240731,4
164,48,85.94081718171714,0.1205387676485084,8624.161295634807,130.0,279.49408865147194,2.093537433266506,0.6279262764100544,1.3145871650008034,1.3500129412678332,-41.99841454387334,-45.501682366168325,4
165,48,90.46895828444218,0.11957445750732033,9085.884137727782,120.0,267.1567373206508,2.1631602399216106,0.6920946260103019,1.4971115772545056,1.540814518343496,-61.394761522896815,-64.89774220276036,4
166,48,87.38113506426139,0.11861786184726177,8874.148884982475,210.0,344.8722381396048,1.6153032201918267,0.5236400899737458,0.845837523558582,0.8599472848025401,32.91416597285482,29.411070190606637,4
167,48,96.04877014431312,0.11766891895248367,9751.730279486526,270.0,405.6859004538543,1.483300140365719,0.4891659063454057,0.7255798575460529,0.7349915229141327,75.05452171343578,71.55228881244918,4
168,48,81.9388114295069,0.11672756760086381,8387.01040753585,220.0,340.91645750874056,1.5253301481998032,0.5006377897977485,0.7636379141088615,0.7757984626935398,52.82772723331968,49.32433820664545,4
169,48,85.44351304766933,0.11579374706005689,8604.433543058321,80.0,240.84017977640278,2.884201388501342,0.7270390794554037,2.096927122468719,2.188752782488101,-91.59697600628898,-95.10022260123685,4
170,48,82.36952714714803,0.11486739708357643,8271.099015744987,80.0,238.03660037507328,2.8506476117081663,0.7071049775727228,2.015707115553107,2.1039608121038316,-84.81422529142672,-88.31686497041048,4
171,48,90.345058846721,0.11394845790690782,9091.491579411773,180.0,313.98873174931475,1.7110731353378092,0.5892308701961695,1.0082171125075965,1.027843631333343,-1.5078728567048074,-5.011853641029575,4
172,48,78.26280850630634,0.11303687024365255,7845.516018260317,70.0,223.72709392383365,3.0438012892855006,0.7136205462233274,2.1721191386648955,2.280803585275952,-86.15372151662525,-89.65625097159744,4
173,48,91.01944300107141,0.11213257528170334,9238.900617205922,260.0,396.8840273930498,1.5061804315891707,0.47371930988160305,0.7135067546113948,0.7231216444592977,75.49201321734014,71.98837243985949,4
174,48,83.61862202487325,0.11123551467944971,8498.964492922074,260.0,393.64788390197305,1.4939041439486334,0.4393620148955104,0.6563647347476916,0.6652074131934577,90.54884514988112,87.0460725690358,4
175,48,71.30290893870253,0.11034563056201412,7193.657579021115,90.0,233.25683011457394,2.494663235057349,0.6275954777424781,1.5656393648191251,1.626565908127257,-52.88859970119043,-56.3909317330797,4
176,48,93.98775047751238,0.10946286551751801,9483.688622526734,150.0,305.2916994365602,1.9888274339217908,0.6321595504364211,1.2572562565277383,1.2866204231142162,-39.48970051823923,-42.993063468419024,4
177,48,87.34415399059192,0.10858716259337786,8788.462116358143,100.0,256.3446694636253,2.4767036987163715,0.6976747534536436,1.7279336423864124,1.7884520406609974,-75.34284745009532,-78.8452040678882,4
178,48,86.02615851316465,0.10771846529263084,8692.688945471813,110.0,256.14432817931436,2.2567190114153797,0.6906115052285062,1.5585161133574463,1.6081474548976658,-63.393242096984025,-66.89622004035138,4
179,48,88.66433202202074,0.10685671757028979,8920.456853886853,100.0,248.79827334957733,2.403786349632317,0.7296324630067061,1.7538805548311762,1.8153129697478216,-78.02864026784727,-81.53129697659747,4
180,48,82.60538172880041,0.10600186382972747,8298.682429449706,110.0,256.34889627319444,2.2585416775635014,0.658782580669538,1.4878879149007949,1.5352562494342386,-55.37623225400546,-58.87818743930151,4
181,48,86.84705918500416,0.10515384891908965,8738.76198554775,100.0,249.17003924620127,2.4073604164131694,0.7137046128947631,1.718144234101232,1.7783380640411834,-74.33038517118057,-77.8338064058967,4
182,48,84.42425294457207,0.10431261812773693,8555.5193294802,180.0,321.4278063144104,1.7516203665659222,0.5416607242251986,0.9487839563246571,0.9672489908553046,9.398303924263814,5.89518164507794,4
183,48,94.08445439011463,0.10347811718271503,9538.341312415645,150.0,295.3345420821638,1.9239742888970566,0.6572385483205684,1.264510068645081,1.2940349713757624,-40.6029126543699,-44.10524570765838,4
184,48,86.726953860454,0.10265029224525331,8790.744841243817,260.0,378.5960647583024,1.4367816563707427,0.47251325138058287,0.6788983719775121,0.688044836610091,84.61119489960444,81.10834248068832,4
185,48,86.12646120861663,0.10182908990729128,8690.711416078446,110.0,254.62636549742572,2.2433431637901213,0.6945705601656943,1.5581601179237048,1.6077816119598962,-63.35289423783729,-66.85597731719636,4
186,48,81.48627792655024,0.10101445718803295,8179.797666455066,110.0,252.18162595932313,2.2218067657494287,0.6600753797128357,1.466559944556417,1.5132625682804302,-52.95593084048603,-56.45888251236059,4
187,48,78.77943492193114,0.1002063415305287,7919.16264577507,80.0,231.6905173404341,2.7746558375531754,0.6955613103665971,1.9299432501931444,2.014436997993853,-77.65252534068193,-81.15495984152267,4
188,48,85.00600693017827,0.09940469079828447,8592.690661829905,180.0,323.19945784437175,1.7612768223220923,0.5410320182278815,0.9529071538418596,0.9714514164848174,8.641675261945096,5.138745031761431,4
189,48,86.37392534426516,0.0986094532718982,8716.456083487597,160.0,306.8431293855309,1.8766853970518214,0.578080016500962,1.0848743252983668,1.1086242581116499,-13.877181344206917,-17.379881298972606,4
190,48,88.13858867606402,0.09782057764572301,8892.88459624271,160.0,307.9239857277918,1.8832903827459286,0.5877106361338512,1.1068297888719683,1.1310637595775506,-17.46701129426205,-20.970201533539125,4
191,48,82.29578302872147,0.09703801302455722,8347.710080300532,180.0,319.0729837651903,1.7387874504200653,0.5324045242846294,0.9257383053758798,0.9437550007398449,13.627255289721774,10.124099865884176,4
192,48,86.87161468302781,0.09626170892036076,8816.206525608772,210.0,353.49136953877723,1.6556797783348307,0.507536585772146,0.8403180618304207,0.854332394263258,34.09245419986041,30.590197203861493,4
193,48,79.96083366988188,0.09549161524899788,8094.275241106632,200.0,340.49757428243646,1.6731866698574087,0.4837582220759237,0.8094178086137327,0.823592505778482,38.78394146680128,35.28149884348002,4
194,48,88.27375349515134,0.0947276823270059,8916.393702719035,170.0,312.8016248300881,1.8028602255539417,0.5800756691986944,1.045795351813255,1.0673447755839118,-7.945630091347283,-11.448611850332355,4
195,48,83.67427155262904,0.09396986086838985,8468.539766753996,210.0,353.2054306755812,1.6543336516589757,0.48791657569740254,0.8071768103807123,0.8206418297743961,41.168356615225804,37.665215746556186,4
196,48,88.68546063611355,0.09321810198144273,8960.558396376524,180.0,316.7892252468499,1.7263445332298044,0.5756110019954029,0.9937029065648306,1.013040907584718,1.1555348949817414,-2.3473633662622717,4
197,48,81.60607867473354,0.09247235716559118,8281.756273163164,270.0,370.8464473176955,1.3559124623239127,0.45445693595666836,0.6162038230548486,0.624199037623134,104.9694966804326,101.46625984112961,4
198,48,88.57682757365667,0.09173257830826645,9015.686842219444,220.0,351.14535983187443,1.571099916182912,0.5224879728625399,0.8208808103732538,0.833951032901508,40.03365517676207,36.53077276083431,4
199,48,92.62644122686254,0.09099871768180032,9434.560023181617,260.0,389.1813344069143,1.476949004982872,0.4933260655057808,0.7286174415827503,0.7384357556577211,71.51027277298277,68.00670352825409,4
200,48,86.58161616402751,0.09027072794034591,8740.213538972734,170.0,305.7454902226848,1.7621921182063223,0.5817366116764945,1.0251316719717234,1.0462549736296993,-4.360418645325467,-7.863345518095144,4
201,48,88.34246048093546,0.08954856211682313,8992.251486685096,220.0,364.1806617967277,1.6294209444961727,0.5024767565930748,0.8187461513175095,0.8317832625145906,40.510800347650104,37.00768224595831,4
202,48,91.05456454634532,0.08883217361988854,9263.411480671732,220.0,354.64856649359467,1.586777448067388,0.5315414792027445,0.8434380319136737,0.8568655619582404,34.99197547537034,31.489576368330262,4
203,48,90.21357223292,0.08812151623092944,9168.328418719366,270.0,402.8689623849299,1.472995994280788,0.46311704484747174,0.6821695519451753,0.6910203085935114,86.92761101718474,83.4245166790609,4
204,48,83.86381093774175,0.087416544101082,8518.48382062116,220.0,359.7689093455845,1.6096866213455179,0.4818402625854538,0.7756118243115722,0.7879597534038757,50.151307816910304,46.64885425035939,4
205,48,80.84136953220343,0.08671721174827335,8227.295660754859,170.0,315.92568925432266,1.82086447729974,0.5299520500881225,0.9649708626806892,0.9848556864433914,6.077665025448795,2.574533303638617,4
206,48,85.56088492970234,0.08602347405428716,8693.15340395611,150.0,295.8731357173798,1.9274815986940512,0.5979105583241953,1.1524615988386675,1.17937114512885,-23.40322800351126,-26.905671770506842,4
207,48,76.76020963901117,0.08533528626185287,7717.284243163595,80.0,230.49907143581288,2.7603865837409343,0.6813334794341273,1.880743795691654,1.963084179330201,-73.5442739355064,-77.04673434837918,4
208,48,78.67794200510349,0.08465260397175804,7966.009054255055,200.0,340.0151716270152,1.6708088636127767,0.4767677967953758,0.7965878607731918,0.8105414212663992,41.395048191807916,37.891715745909636,4
209,48,87.63135887123627,0.08397538313998398,8883.16564288394,180.0,329.6501408606295,1.796426896926784,0.5483765921051655,0.9851184597057556,1.0042912268426882,2.7308107336940566,-0.7724208326881694,4
210,48,91.25086882723103,0.08330358007486412,9197.051604346678,160.0,310.3891339670919,1.8983694941331941,0.6029850264271654,1.1446883795921166,1.1697500009205322,-23.656986154375232,-27.160000148454884,4
211,48,86.5309885689891,0.0826371514342652,8705.163067340998,140.0,275.66270552911334,1.9209588866454517,0.6426334243499525,1.234472387364917,1.2653576315651713,-33.64741074062033,-37.15006842038932,4
212,48,88.73055019471481,0.08197605422279108,8976.06386919764,210.0,345.60483294256164,1.618737234364997,0.5285310919480151,0.8555529580583174,0.8698233320823913,30.83983906583026,27.337100261828027,4
213,48,82.4693581130977,0.08132024578900876,8344.07605859805,150.0,294.4522697226886,1.918220356159514,0.576670534588886,1.1061811582495469,1.1320129852755887,-16.29910919769287,-19.801947792470315,4
214,48,83.96468170335785,0.0806696838226967,8506.571751818754,130.0,272.1135169477045,2.0382619977050167,0.636163675699153,1.2966682445026871,1.3316056549860003,-39.60601702394544,-43.10873514951163,4
215,48,74.42408162850298,0.08002432635211512,7573.700471367134,240.0,361.8250683480394,1.4859160934662912,0.42596497057424065,0.6329482050309087,0.6421866857986624,89.37822356487519,85.87519540767883,4
216,48,78.46395429730768,0.0793841317412982,7941.609711955044,190.0,324.9053236341631,1.67907093900786,0.49741184856595133,0.8351897796478379,0.8505881980917609,31.89127792998343,28.388242361714845,4
217,48,91.13847529073955,0.07874905868736781,9137.820937108754,110.0,259.82952741581767,2.2891955795240286,0.7156794607560337,1.6383302579251584,1.6904968733497512,-72.45210970077324,-75.95465607016314,4
218,48,80.88076179315938,0.07811906621786886,8141.255150508057,120.0,266.049110797238,2.154190576091598,0.6227216539674157,1.341461118509822,1.3806211859288195,-42.17149028585288,-45.67454231283898,4
219,48,84.31823140290585,0.0774941136881259,8491.934336756569,120.0,260.877271731892,2.112314197608077,0.6624220753501839,1.3992435545765645,1.4400905312629673,-49.30780155458389,-52.81086375299617,4
220,48,90.06029728026927,0.0768741607786209,9142.001848490561,170.0,308.9931801152961,1.7809086571694133,0.6020836367545812,1.0722559610397482,1.0943513977393446,-12.536633530225885,-16.03973761678293,4
221,48,74.28408162850296,0.07625916749239194,7573.700471367134,240.0,361.8250683480394,1.4859160934662912,0.42596497057424065,0.6329482050309087,0.6421866857986624,89.37822356487519,85.87519540767883,4
222,48,88.43715916726836,0.0756490941524528,8917.741500371207,120.0,267.5093661817004,2.1660394138682957,0.6783913480196119,1.469422397843216,1.512300329425348,-57.97442434181589,-61.47603953255407,4
223,48,90.9135996399959,0.07504390139923318,9162.33201148618,110.0,257.3267201393372,2.2671473701290585,0.7245786847633172,1.6427266596191104,1.6950314221095337,-72.95103328847568,-76.45345643374375,4
224,48,88.15952253881414,0.07444355018803932,8905.975746232169,110.0,265.09736848750276,2.335601173200758,0.6836605262027897,1.5967583270763066,1.6476055130379728,-67.73376548551289,-71.23660643582463,4
225,48,79.84637076993596,0.073848001786535,8055.838930040921,110.0,253.69522864472657,2.2351378254497227,0.6461939513070705,1.4443325431489427,1.490330202044022,-50.433152196338526,-53.93632222633275,4
226,48,89.64952212714174,0.07325721777224271,9076.942969953518,160.0,302.63379803839615,1.850939279726684,0.610360741712359,1.1297406716422513,1.1544736839837477,-21.212966114585726,-24.715789438554083,4
227,48,84.65465582664369,0.07267116003006477,8558.55640610537,120.0,272.6335530257939,2.2075110549760666,0.6388304775059273,1.4102253413551464,1.4513885238566075,-50.66393307746891,-54.16662286424429,4
228,48,87.52775843420936,0.07208979074982425,8814.820032192274,150.0,298.7289492241797,1.9460823308730935,0.6004827724945273,1.1685889135491991,1.1958772510261129,-25.87885835988743,-29.38158765511278,4
229,48,87.92485755185575,0.07151307242382565,8900.512840117552,170.0,304.82421784091,1.7568853128012583,0.5941963456142735,1.0439348325333222,1.0654437429136867,-7.622808880646119,-11.125436296392166,4
230,48,88.1239092196511,0.07094096784443504,8883.417745360483,220.0,357.2517778337468,1.5984208568469802,0.5060228173355871,0.8088374252719361,0.8217161414421096,42.72539949834797,39.222448881914175,4
231,48,76.76131736818773,0.07037344010167956,7746.38985468117,130.0,267.2435740254179,2.001765276062803,0.5898702489556538,1.180781781746367,1.2126079503196094,-24.135082195854892,-27.63903354276181,4
232,48,91.7233297954299,0.06981045258086613,9342.266262401623,190.0,326.4157200200679,1.6868812005782352,0.582432483422068,0.9824944068937911,1.000605886520381,3.3873759305017757,-0.11511843987301518,4
233,48,91.03060953286725,0.06925196896021919,9244.02020480132,250.0,388.92476970693633,1.5342036159907821,0.48368174469569714,0.7420662817027768,0.7524632446678176,65.38689580788335,61.88418883229315,4
234,48,91.01894149975395,0.06869795320853744,9224.853450118706,190.0,322.62029323574234,1.6672645656045875,0.5818783617934424,0.97014517411326,0.988030356362777,5.776991174116489,2.274232290084342,4
235,48,88.27500636525038,0.06814836958286914,8947.517174756755,180.0,322.62959528638373,1.7581759306130982,0.5643684806538273,0.9922590786853186,1.01156652502938,1.4204780452604382,-2.0819745062999573,4
236,48,85.68546709499758,0.06760318262620618,8688.61461157744,180.0,316.9000377697593,1.726952906554241,0.5579466275529604,0.9635475501577621,0.982296151914548,6.689112764011384,3.1866926543990814,4
237,48,81.66592408266139,0.06706235716519653,8210.759561909312,90.0,241.5047802581112,2.5828665881274606,0.6918660446620736,1.7869976902249707,1.856543967588866,-73.58634205795306,-77.08895708485448,4
238,48,77.72942840210469,0.06652585830787495,7885.171812792353,200.0,344.6717407592162,1.6936982152307467,0.4655538224178253,0.7885076781252103,0.8023162319476105,43.039206206028496,39.5367536096756,4
239,48,85.70544241036514,0.06599365144141195,8634.621518121778,110.0,254.00788843866417,2.23790057241111,0.6917680745002398,1.5481081699059125,1.597404980838007,-62.21178929590239,-65.71454789377819,4
240,48,83.22513619939072,0.06546570222988066,8376.639889183458,100.0,253.3446657525073,2.4477043148779214,0.6728565657298567,1.646953919237411,1.7046462174317871,-66.96165195798937,-70.46462174488337,4
241,48,84.02039719756083,0.06494197661204161,8466.156210736157,110.0,255.27927793615515,2.2491066986883275,0.6748933179405747,1.5179070822860836,1.5662388989719502,-58.783758940101194,-62.28627888848078,4
242,48,82.77479788932058,0.06442244079914528,8399.606256569634,170.0,300.29283304984307,1.730755604232732,0.5692176719124405,0.9851766756940455,1.0054822783540387,2.571904455160933,-0.9319873211920537,4
243,48,85.18013839596539,0.06390706127275211,8608.097220152507,110.0,257.0207407244481,2.2644449175003962,0.6815589198586383,1.5433526320569577,1.5924979857137365,-61.672021645939566,-65.17477843010352,4
244,48,85.62632310259272,0.06339580478257009,8652.704547127625,110.0,255.9502430951931,2.255007791427751,0.6879561253937568,1.5513464229294296,1.6007503412040582,-62.579495963231125,-66.08253753404716,4
245,48,84.55903744307638,0.06288863834430954,8546.001453739113,110.0,264.48485184142066,2.330200473969102,0.6575466548352898,1.5322155267597828,1.5810102689273628,-60.40808347503645,-63.911129583590935,4
246,48,80.41321502223927,0.06238552923755506,8154.500116089599,140.0,288.83469333032906,2.012745439253982,0.5745295880092389,1.1563818079860684,1.1853148382945575,-22.44123408415362,-25.944077362423343,4
247,48,86.04549734276011,0.061886445003654623,8717.60680319315,180.0,319.2695922527096,1.739859048826294,0.5556536004343501,0.9667589447316419,0.9855738802444169,6.0998378960629225,2.5967015550193935,4
248,48,81.34984512859452,0.06139135344362539,8277.13554408397,190.0,331.94599283861896,1.715457013626624,0.5074310639547052,0.8704761775957414,0.886524780638012,25.063241737328184,21.5602916778912,4
249,48,83.53838905132824,0.06090022261607639,8496.94323176425,210.0,347.3749002845938,1.6270244192383712,0.49776997308741205,0.8098839013791777,0.8233942607884718,40.590393124026974,37.08720523359753,4
250,48,87.63699989978639,0.060413020835147775,8925.723595259587,210.0,344.2547690549799,1.612406315118215,0.5276280577364959,0.8507508123303554,0.864945119822227,31.865258867754733,28.361524836467396,4
251,48,83.85138968669436,0.059929716668466596,8505.241149606181,140.0,288.84379680466793,2.0128116634754663,0.5992223454635376,1.2061217259683092,1.236297552808925,-29.579012788424365,-33.0816573944858,4
252,48,91.14728438753282,0.05945027893511886,9242.685908516023,230.0,371.6084309253945,1.5914543715482041,0.5061474460345501,0.805510565641811,0.8177767749455795,45.4137516123148,41.911341761698935,4
253,48,93.15983958717014,0.05897467670363791,9394.908206242431,160.0,295.8904825690315,1.8096951720997572,0.6461390050008904,1.1693146378594041,1.194914887473991,-27.6834412095497,-31.186381997033465,4
254,48,77.67025378575039,0.0585028792900088,7877.248991276784,170.0,312.86746511354704,1.8032456898008777,0.512363971478443,0.9239181231807153,0.9429530410090566,13.20038865161851,9.697983027517438,4
255,48,84.34227394735855,0.05803485625568873,8512.33381686137,140.0,284.89047540574586,1.9852604954371877,0.6080441718025478,1.2071260737646576,1.2373285226563682,-29.723175251482303,-33.22599317312887,4
256,48,84.0459116235478,0.05757057740564322,8463.700540302274,140.0,285.504607241961,1.9895424383000935,0.6032697953927596,1.2002308596827131,1.2302593285280072,-28.73365847992028,-32.23630599515127,4
257,48,80.09585319604368,0.05711001278639807,8097.772848368028,150.0,298.28909627287953,1.9432186268132106,0.552449551535014,1.0735302589210427,1.0985978497546052,-11.287085344679639,-14.789677464289355,4
258,48,81.52474240906704,0.05665313268410689,8283.623175993727,240.0,374.0878005431157,1.536274046784397,0.45062076706666865,0.6922769893884506,0.7023822151282082,74.93156865833558,71.42826836852765,4
259,48,78.16409216098491,0.056199907622634035,7867.640722676177,90.0,238.67836210802776,2.5526159502376307,0.6708043715890923,1.7123059384146218,1.7789609856075692,-66.60305271827096,-70.1064887064602,4
260,48,82.50945785370189,0.05575030836165296,8466.057330848464,270.0,368.9675096717823,1.349042641520124,0.46693614523283095,0.6299167707878298,0.6380898766004747,101.2189557614661,97.71573331723377,4
261,48,82.79681038166149,0.05530430589475974,8365.811035681234,120.0,270.4714236527269,2.1900063846600064,0.6294352737022216,1.3784672681431804,1.418702121455787,-46.74168145803202,-50.24425457611312,4
262,48,87.25066846870627,0.05486187144760166,8941.077311963789,250.0,380.64269118902473,1.5015347627295366,0.47800976482595703,0.7177482788122305,0.7278036931909412,71.55149345250118,68.0490767015369,4
263,48,84.66958138257831,0.054422976476020846,8617.045770770344,210.0,345.25469739325905,1.6170945894788975,0.5079058525739044,0.8213318061643062,0.8350327687349595,38.14621209932042,34.64311856482348,4
264,48,87.25988480630004,0.05398759266421268,8889.014427744454,230.0,363.39712702114025,1.5562893685760628,0.4977789590328233,0.7746881018457742,0.7864845374078833,52.610843538874576,49.10855639540037,4
265,48,95.17214680354981,0.053555691922898975,9646.091260713949,210.0,355.10853167746,1.6632507861265715,0.552782993491327,0.9194167484844383,0.9347521769266386,17.204741678472118,13.702042844471151,4
266,48,90.61072687957069,0.05312724638751578,9213.034907364485,240.0,377.8793227063461,1.551848820680283,0.49615114958292605,0.769951576361468,0.7811885848503587,56.0174041144881,52.51473963513274,4
267,48,91.43652324137165,0.052702228416415656,9312.598380849884,250.0,384.81925952538296,1.5180125200131143,0.4924685351859381,0.7475734021267155,0.7580455081981484,63.99065567374356,60.48862294970485,4
268,48,89.83805762408198,0.05228061058908433,9118.789296215622,190.0,329.581447207928,1.7032373960064218,0.5630394664186095,0.9589898746345872,0.9766703272474276,7.9355799127587545,4.432637822012083,4
269,48,76.14299201946591,0.05186236570437165,7644.577543382358,90.0,244.01170695950225,2.6096597449304455,0.6375397104738602,1.6637617182250621,1.7285239222900275,-62.06388790558444,-65.567153007831,4
270,48,90.6970400445014,0.05144746677873668,9199.672195011139,190.0,333.78420907023997,1.7249559905138114,0.5608813241627003,0.9674956000846674,0.9853333114078492,6.289699838710334,2.786670831523338,4
271,48,88.0046513220691,0.05103588704450678,8896.489757866448,170.0,302.8601618478641,1.745556654228931,0.5977794024389651,1.0434578136917747,1.0649621563030427,-7.540082103954802,-11.043566572582222,4
272,48,84.84571031280018,0.05062759994815073,8690.641479373033,240.0,380.58301030242023,1.5629506595029077,0.4646937706553,0.7262934353145024,0.7368939754354348,66.64834087539796,63.14544589475878,4
273,48,82.99195637297437,0.05022257914856552,8432.31354958752,200.0,340.9772301104128,1.6755363126665224,0.5032523159333463,0.8432175297823198,0.8579879036662402,31.905755798237493,28.40241926589397,4
274,48,90.91199827274512,0.04982079851537699,9200.166703656003,190.0,324.53770784465877,1.677169562885255,0.5768925702416003,0.9675466598668373,0.9853862758863909,6.279825755318171,2.7766075806003414,4
275,48,85.57545415182132,0.049422232127253975,8703.610144542112,180.0,310.32595152097747,1.6911168170115847,0.5707497731748301,0.965204539724613,0.9839914802247111,6.385090733093222,2.8815335585680373,4
276,48,91.79134036391704,0.04902685427023594,9330.071841467854,260.0,391.02546610950316,1.4839483460053924,0.48556162815292125,0.7205483749830556,0.7302575460505407,73.6364592608453,70.13303802612916,4
277,48,85.75997566525376,0.04863463943607405,8725.057346722699,230.0,367.5315533004923,1.573988696553209,0.483101152570037,0.7603957534391343,0.771977900021891,55.948382035511116,52.445082994193086,4
278,48,88.20069975025552,0.04824556232058546,8995.075508534956,230.0,359.95665554729135,1.5415493967851404,0.5085328574349103,0.7839285196263875,0.7958686373821325,50.45337346639474,46.95021340131365,4
279,48,81.57198322946819,0.047859597822020775,8353.336822249037,230.0,373.8192045872013,1.6009211342813419,0.45473962344986824,0.7280022737779808,0.7390887144870818,63.512169017548274,60.009595667232105,4
280,48,87.73924882141225,0.04747672103944461,8909.949107597482,170.0,306.35919390396987,1.7657350755128587,0.591846002819331,1.0450432464835862,1.0665733196384835,-7.815109342655461,-11.317464339608762,4
281,48,82.71564501312571,0.04709690727112905,8367.692698883906,170.0,307.8224559305226,1.7741583977153241,0.5531842889986172,0.9814365518142657,1.0016620377722696,3.220820765866307,-0.2825464222874814,4
282,48,89.00718824974284,0.04672013201296002,9102.704429921634,250.0,388.3394299057724,1.5318962278257016,0.4770054773819268,0.7307228914554532,0.7409601405926572,68.26240375678387,64.75996485109474,4
283,48,83.90125317871859,0.04634637095685634,8547.228788780769,170.0,314.301090455102,1.811505861736635,0.5534059891401556,1.0024981932507422,1.023153563827444,-0.4334431818700182,-3.9361058516886374,4
284,48,84.28946912748887,0.04597559998920149,8514.045214817035,180.0,325.82429264150346,1.7755800284300929,0.5317615169708343,0.9441851294240011,0.9625601117809118,10.242197158866247,6.739179878473323,4
285,48,89.66012259021466,0.04560779518928788,9066.00961265449,200.0,329.05144692074657,1.6169366484274108,0.560682219584326,0.9065876289702767,0.9224664780829821,19.009697056409493,15.506704382481132,4
286,48,81.43725200038357,0.04524293282777357,8319.866678091626,210.0,350.62592223234924,1.642257501020674,0.48287726652020196,0.7930088130174225,0.8062346995159922,44.19311574645624,40.69071310083541,4
287,48,93.8690202745901,0.044880989365151384,9532.797342990412,180.0,313.1663079141143,1.706602549041645,0.6194549701765419,1.0571634311231783,1.0777356996043177,-10.489648386091972,-13.992425929854903,4
288,48,95.18929819859234,0.044521941450230175,9651.80609058556,200.0,337.3036845627364,1.6574873691349166,0.582306873396463,0.9651662876179439,0.9820712697121705,7.088765652519612,3.5857460565838437,4
289,48,87.50641133684668,0.044165765918628336,8916.660232193784,200.0,344.6093028733391,1.69339352111405,0.5265500211737182,0.8916563944006276,0.9072701786211813,22.048161829583222,18.545964274856487,4
290,48,79.40614532752932,0.04381243979127931,8027.813692236706,140.0,265.40125538029145,1.849433234620841,0.6155434660710836,1.1384065435098574,1.1669000616846434,-19.86190672611295,-23.36600863701696,4
291,48,87.50824993101627,0.04346194027294907,8896.852705893782,180.0,312.4402231348389,1.702641011093032,0.5794738934308832,0.9866360158163325,1.0058386253551812,2.4523350321113355,-1.0509525649384557,4
292,48,85.07555551388619,0.04311424475076548,8713.619320580057,240.0,376.38332766125296,1.5457009234714212,0.4711211686106457,0.7282124253903449,0.7388423048877722,66.18118045583788,62.67784682619583,4
293,48,82.85653171708336,0.04276933079275936,8421.77371279911,170.0,311.6675419629005,1.7963213287323923,0.5498907392650874,0.9877804634174685,1.0081358532614926,2.1201289924528908,-1.3830950554618653,4
294,48,74.55257539345563,0.042427176146417285,7601.540425704867,180.0,316.9889632317776,1.7274308011295818,0.48800231429350444,0.8429902287357777,0.8593963759013036,28.811784863412015,25.308652336905965,4
295,48,84.93258862036345,0.04208775873724595,8650.334281291198,170.0,313.8139304430508,1.8086970744085331,0.5609512056242534,1.0145908045017595,1.035495897783767,-2.531544820643518,-6.034302624275881,4
296,48,85.2885210330973,0.04175105666734798,8675.919731863358,160.0,302.9656191115637,1.8529602572891135,0.5827557828527804,1.079823305335171,1.1034685408894742,-13.051395477653273,-16.55496654341934,4
297,48,96.64389169451158,0.04141704821400919,9773.245562005422,190.0,334.98287324033765,1.7311554915083438,0.5937185542125425,1.0278191355385053,1.0467660378198085,-5.383071596510689,-8.885547186810356,4
298,48,89.79601704956661,0.041085711828297115,9041.601856807521,190.0,327.7691964000019,1.693873076470252,0.5613602492435761,0.9508730123972248,0.9684031462371824,9.506210040232276,6.00340221396695,4
299,48,79.47573351471566,0.040757026133670736,8050.767677102811,170.0,310.5512129767013,1.7898965263553992,0.5275558921768114,0.9442704588686389,0.9637242484004617,9.66920508551948,6.166877770957797,4
300,48,87.91918087359458,0.04043096992460137,8927.94069366517,170.0,319.23692223739477,1.839947421794679,0.569118358372129,1.0471478561860992,1.0687270183236324,-8.180307938419503,-11.683593116086229,4
301,48,87.5575840975327,0.04010752216520456,8931.7762211757,210.0,353.05768928052674,1.6536438841809942,0.5148213779759645,0.851331223137997,0.8655316480955237,31.74120820541941,28.238353899074497,4
302,48,87.20295575347487,0.03978666198788292,8866.324428517339,180.0,317.7964606147319,1.7318304759658634,0.567752396520542,0.9832509031000238,1.0023872339962525,3.0735131327477063,-0.42970212032784616,4
303,48,81.54109096985556,0.03946836869197986,8228.272782706792,120.0,271.5701050621634,2.198906922437177,0.6165824146554636,1.3558073398439212,1.395377926055732,-43.94303173069487,-47.44535112808322,4
304,48,84.35124646309406,0.03915262174244402,8538.224119541053,170.0,307.7616778826225,1.7738071400883253,0.5645695137468143,1.001437434563547,1.022075651950814,-0.24939987268032837,-3.7528608326604456,4
305,48,85.78788694000403,0.03883940076850447,8669.854966062745,170.0,312.07722444965646,1.7986851664595225,0.5653458014116408,1.0168791069225476,1.0378326385784649,-2.9285752390702555,-6.431548559376864,4
306,48,80.36711004875288,0.03852868556235643,8166.882350627383,190.0,325.9370273191007,1.6844062788190128,0.5099023489345601,0.8588827181325713,0.874716083338908,27.30656370254428,23.80394416473277,4
307,48,91.06036093201837,0.03822045607785758,9225.999504412064,180.0,315.2334020584093,1.7178692787308973,0.5955875509645456,1.0231415565998112,1.0430504995207914,-4.246534767181373,-7.749089914785515,4
308,48,89.31643132298058,0.03791469242923472,9061.64337306789,190.0,337.2840696965586,1.7430452910518408,0.5467333301785832,0.952980956631696,0.9705496981103211,9.098314530420225,5.595557358068447,4
309,48,81.68624168792675,0.03761137488980084,8255.777249453895,140.0,288.4606610613765,2.010145372591352,0.5824193372075005,1.170747535599438,1.2000361930370482,-24.502679093368187,-28.00506702638677,4
310,48,84.64272987593768,0.037310483890682436,8574.366274061178,170.0,305.0305927199345,1.7580754125599172,0.5720355854167729,1.0056816978338436,1.0264020804477563,-0.985789146068214,-4.488353677144971,4
311,48,87.12976282050847,0.03701200001955698,8863.006146099406,210.0,352.77395179075364,1.6523179745879366,0.5112684033417316,0.844777972682813,0.8588675003441145,33.14028463175194,29.6378249268771,4
312,48,78.6228185098981,0.03671590401940052,7971.493350930735,230.0,367.3317299233078,1.5731379186034387,0.44161687237001657,0.6947242474222196,0.7053038682205875,71.2826694788549,67.78011030855956,4
313,48,89.34489992435081,0.03642217678724532,9072.477406675967,240.0,384.25875394658294,1.5780480704387163,0.4804702907328971,0.7582052151961505,0.7692704801045278,58.87765047112967,55.37508477414406,4
314,48,95.77862130577469,0.03613079937294736,9709.729559665535,220.0,354.04402774187713,1.584068389600768,0.5581028941482234,0.8840731527674013,0.8981499842649796,25.90999743793043,22.40700346080635,4
315,48,77.18180912564728,0.03584175297796378,7779.428394941297,140.0,279.1089020958875,1.9449682033448465,0.5672028611330372,1.1031915297539325,1.1307954845423185,-14.808300993110663,-18.31136783705537,4
316,48,79.54058289320878,0.035555018954140066,8136.238715188952,270.0,371.69359084640985,1.3590131542850254,0.4454541642125519,0.6053780687975285,0.6132313253832665,107.93011250225888,104.42754214590482,4
317,48,87.24437500468048,0.03527057880250695,8844.471696406543,180.0,324.4421077317563,1.7680491207689324,0.554752280089757,0.9808292810602784,0.9999166612270735,3.517882158762262,0.015000978126863629,4
318,48,79.29411296350418,0.03498841417208689,8029.61176288673,160.0,299.46749942717463,1.8315719870999705,0.5456438501231617,0.9993859908222951,1.021266246085773,0.10039233649354173,-3.4025993747449377,4
319,48,99.56639052542518,0.03470850685871019,10089.428007218854,200.0,342.32030192271475,1.6821463578300047,0.5997887323453539,1.0089324315851598,1.0265992997293854,-1.8177685102041892,-5.3198599469036765,4
320,48,79.98036391337031,0.03443083880384051,8215.199393125073,230.0,354.72878115045836,1.5191601646511432,0.4712876894494636,0.7159614839041223,0.7268665549972538,66.3239064302966,62.82069234990476,4
321,48,89.40601774219968,0.03415539209340979,9073.594520593628,200.0,331.466060689344,1.6288057717092685,0.5570635138617658,0.9073482665894276,0.9232382424657855,18.85486018126329,15.352351505919671,4
322,48,87.29075315963506,0.03388214895666251,8862.112199079245,200.0,334.6502321962122,1.6444536847890254,0.5389029078724333,0.8862008725969918,0.9017199162518047,23.158392820521698,19.656016748737358,4
323,48,77.97711938794126,0.033611091765009204,7936.931288647508,220.0,357.1508684384038,1.5979674727207667,0.4522362004318648,0.7226587382789725,0.7341661441965575,61.98666378810478,58.48344827602321,4
324,48,86.2998467234856,0.03334220303088913,8762.0415695902,220.0,355.7255782259559,1.591594703182995,0.5012502807076719,0.7977872917455626,0.8104888451834095,45.19506908574087,41.692454058839445,4
325,48,92.91648745458447,0.03307546540664202,9396.575541461265,200.0,347.0728608480812,1.7054989512740342,0.5509514970457045,0.9396472004170154,0.9561015613389032,12.281930044052075,8.779687731263266,4
326,48,84.16688598963985,0.032810861683388884,8531.789116140757,250.0,372.8881462299522,1.4709365575647133,0.46561391202264135,0.6848885249066601,0.6944876340510797,79.88198620639758,76.3780914865356,4
327,48,77.45061449528995,0.03254837478992177,7866.290587244879,230.0,351.2360763082481,1.5042010154731167,0.4557590300305333,0.6855531957849227,0.6959957106510317,73.42440311006513,69.92098654956672,4
328,48,88.78636820643452,0.0322879877916024,8973.650944621195,190.0,328.63482699448434,1.6983469490405887,0.5556739022232435,0.9437270765051957,0.9611252459056852,10.88896617145133,7.386203276958696,4
329,48,85.08937321382457,0.03202968388926958,8595.025712073375,160.0,299.7237377366039,1.8331411818414725,0.5835666355990089,1.0697600320687883,1.0931798327475002,-11.405961398517007,-14.908773240693193,4
330,48,96.04657800158597,0.031773446418155424,9685.5278473669,230.0,369.3965594555015,1.5819770669183222,0.5335742487258497,0.8441022249847521,0.8569586595350412,36.402614753448745,32.89950830608356,4
331,48,83.33837865637464,0.03151925884681018,8399.957249187626,180.0,326.10777301349844,1.777124738317946,0.5241798698658078,0.9315330140696652,0.9496618334445474,12.56389932765444,9.060869979031821,4
332,48,96.95431216907075,0.0312671047760357,9786.28229378165,240.0,375.99454702441153,1.544108686909265,0.5296641833079484,0.8178590665926796,0.8297951861567784,44.3517987627053,40.84915532154341,4
333,48,89.52282317050441,0.031016967937827412,9033.279202876533,230.0,370.33490800424505,1.5859947635197635,0.49638105348668315,0.7872577515424289,0.799248833816253,49.67600323894959,46.172768221462576,4
334,48,87.70839831469752,0.030768832194324792,8922.861196730406,240.0,376.63691400327616,1.5467444882953265,0.48210947626711437,0.7457001751730855,0.7565842723029466,61.92276874275089,58.41977464653624,4
335,48,73.95230951333969,0.030522681536770194,7547.528112378159,240.0,374.6454864033106,1.5385707047730133,0.40996676234113666,0.6307628504703966,0.6399674878593983,89.9100906139767,86.40780291310446,4
336,48,93.28988282521355,0.03027850008447603,9419.909127084828,200.0,341.80671510710584,1.6796152294207929,0.5608290951087586,0.941977089249709,0.9584757536760888,11.807835613439465,8.304849263823769,4
337,48,74.56551052005425,0.030036272083800223,7547.841969722591,200.0,338.74807639612436,1.664578365319293,0.4534301293087981,0.7547699834335828,0.7679929204154337,49.90524814904978,46.40141591614528,4
338,48,97.3434016901069,0.029795981907129822,9832.181649347487,240.0,373.5333156462849,1.533999824455377,0.5356547546970479,0.8216942996761593,0.8336870690141154,43.417944628976414,39.91510343577863,4
339,48,82.62541436941852,0.029557614051872783,8345.681883898405,190.0,329.4327054802808,1.7024720664163442,0.5155366286089132,0.877686709423796,0.8938664544023088,23.667935012778145,20.165373662667463,4
340,48,81.59627818724994,0.029321153139457802,8277.775249786147,260.0,368.8281399474801,1.3997103165099904,0.4567241706575818,0.63928153347062,0.647895101278847,95.05046828908567,91.54727366685191,4
341,48,93.70818547083233,0.02908658391434214,9491.726868376223,270.0,388.2566997685784,1.4195678859219376,0.4974972534565154,0.7062311243430549,0.7153949695212621,80.34679798479456,76.84335822854385,4
342,48,86.78094279460986,0.028853891243027403,8793.14436586559,250.0,383.0486773605327,1.5110203076920814,0.4671481678984507,0.7058703683975519,0.715761951378596,74.56284060697533,71.05951215463526,4
343,48,91.93150353369437,0.028623060113083184,9258.101927428395,200.0,344.23101485453395,1.6915292708052285,0.547313769220464,0.9257972609538421,0.9420118711111292,15.10046831941267,11.59762577683216,4
344,48,82.15418460121191,0.02839407563217852,8286.567535502978,150.0,292.1718299224318,1.9033676900983423,0.5771660101238307,1.0985591354964321,1.1242109956424093,-15.129080484696573,-18.63164934748559,4
345,48,85.51412445741349,0.02816692302712109,8622.495134214505,220.0,348.2368963177786,1.5580912942356173,0.5038747411205983,0.785082847527484,0.7975807999112164,48.03446525746901,44.53222401873481,4
346,48,82.24082537677722,0.027941587642904123,8304.22613689479,250.0,369.3234113254843,1.45687663567741,0.45756915674219156,0.6666218136661185,0.6759640075405321,84.51255653477176,81.00899811419103,4
347,48,89.14457282883728,0.02771805494176089,9068.45300200555,270.0,406.68652282265236,1.486958600924119,0.4537721518517952,0.6747404040575312,0.6834926614449239,88.95923128246318,85.45698140918705,4
348,48,86.27451024037278,0.027496310502226805,8803.490811985992,250.0,381.16354388748715,1.5035928064059192,0.47001094647269626,0.7067050780502377,0.7166041520927934,74.35080254227509,70.84896197608506,4
349,48,89.81515084100415,0.02727634001820899,9074.51073750847,270.0,364.63817299698417,1.3332145635084192,0.5064370852618282,0.6751892975736761,0.683949235213383,88.83669916535587,85.33370649170263,4
350,48,84.07532037947325,0.027058129298063317,8508.634061135099,250.0,391.68608298073934,1.545097705192029,0.44206498690475976,0.6830335968140325,0.6926028125736267,80.35176576968018,76.84929685590075,4
351,48,99.63016238576313,0.02684166426367881,10055.811430456888,270.0,392.2638704938562,1.43422421104586,0.5216788442729677,0.7482044288486206,0.7579102318853325,68.86671173929778,65.36423739020233,4
352,48,82.41267150291506,0.026626930949569378,8286.412437248502,180.0,318.5403532725559,1.7358828482699467,0.5293787470411712,0.9189394872302886,0.9368249616503901,14.8748772983827,11.371506901992973,4
353,48,91.69906232267067,0.026413915501972824,9323.85281587056,270.0,414.4375043132912,1.5152981259054918,0.4578263376933066,0.6937433914985163,0.702742240008382,83.76188311421993,80.25959519703412,4
354,48,87.0100411815935,0.026202604177957042,8766.052261873641,200.0,336.2645427331115,1.6523840174137785,0.53050244928792,0.8765937684048295,0.8919458176411834,25.113496377835446,21.61083647087139,4
355,48,91.26705633782407,0.025992983344533385,9219.666457435365,270.0,395.5972279815939,1.4464104109869331,0.4742707965007907,0.6859902176875429,0.6948896755856104,85.88253962836527,82.37978759119031,4
356,48,90.3698686265436,0.02578503947777712,9109.964314235958,250.0,346.5675272570012,1.367113505769838,0.5349254018732412,0.7313037414823764,0.7415510951758408,68.11533753655362,64.61222620529824,4
357,48,85.19317894467348,0.0255787591619549,8661.391935524687,230.0,361.51695362391234,1.548231698895677,0.4875547996313423,0.7548477957400624,0.7663448951615698,57.24380796485897,53.74067411207261,4
358,48,83.47350451639392,0.025374129088659263,8483.461502394468,210.0,343.82866220304857,1.6104170594560812,0.5021060212579759,0.8086001022918138,0.8220878170138349,40.86442725303874,37.36155842627258,4
359,48,78.72804280950406,0.025171136055949988,7925.030663706553,140.0,277.31208464367734,1.9324551165724921,0.5815627336005598,1.1238438801583395,1.1519598143234029,-17.771902842388727,-21.27437400642836,4
360,48,86.88157845460151,0.024969766967502388,8722.221838592432,120.0,259.734745184839,2.103072897612057,0.6833787843376808,1.437195400149185,1.4791434534489736,-53.99472171638543,-57.497214415355984,4
361,48,80.54578988011538,0.02477000883176237,8083.766922127112,80.0,228.7354197725376,2.739258272286245,0.7191918812930532,1.970052310201716,2.0563082107903803,-81.00197218455719,-84.50465686528673,4
362,48,86.30696897277036,0.02457184876110827,8693.760575717448,130.0,277.54848946162997,2.0789806800425907,0.6374310595542653,1.3252068576771705,1.3609079054960704,-43.415830161101724,-46.91802771585006,4
363,48,89.23860108749123,0.024375273971019403,9017.86504268503,140.0,286.3078670693534,1.9951417325640457,0.6409658089260476,1.2788176345394964,1.3108110972666398,-40.011033274177805,-43.51355361864037,4
364,48,81.00666957662293,0.024180271779251247,8214.830033322294,160.0,294.44849950226956,1.8008728522956938,0.5677454341255777,1.0224373393350583,1.0448236948566492,-3.668577097716849,-7.171791178108691,4
365,48,86.30180073925878,0.023986829605017235,8745.237484762258,210.0,350.94758822977894,1.643761271205589,0.5071001733110185,0.8335516255126694,0.84745515625745,35.537189379458226,32.034417185088046,4
366,48,87.07031297339634,0.023794934968177098,8807.073528467276,160.0,306.96519184932305,1.8774266061112708,0.5838575547409267,1.0961497074532545,1.120149664394931,-15.720781467807058,-19.223946304309067,4
367,48,80.46223117481146,0.02360457548843168,8173.390036696029,140.0,281.6451964505979,1.9626475531690069,0.5905603551642626,1.159061836065875,1.1880606231826867,-22.825800789445708,-26.328487246764183,4
368,48,84.16036357940412,0.023415738884524227,8505.14400969403,170.0,314.02645009444495,1.8099216091728827,0.5511627461465994,0.997561364424975,1.018115768213267,0.42311007670613776,-3.0796805972734944,4
369,48,83.2571502865895,0.023228412973448034,8386.848179856313,210.0,349.1371556874677,1.6352840700413416,0.48884043900605517,0.7993929827009078,0.8127255259964918,42.83008971483821,39.32763953992401,4
370,48,92.5806643764201,0.02304258566966045,9339.002387164577,190.0,325.2505690158705,1.6808571826952756,0.58431473049611,0.9821496117120606,1.0002563083042046,3.454100090059967,-0.048698578799132974,4
371,48,93.36641122703496,0.022858244984303167,9499.547636787249,230.0,367.6750117224399,1.5746033595351503,0.525778984822689,0.8278933558770387,0.8405034539468696,40.1874618205604,36.68420559137948,4
372,48,84.73949987411864,0.022675379024428743,8605.036827268632,240.0,377.7179133146873,1.5511874224534137,0.4636065520370541,0.7191406524887762,0.7296354143091126,68.38993479429072,64.88750056508334,4
373,48,91.77117752824853,0.022493975992233312,9232.076684710135,190.0,327.05917317230035,1.6902073387985124,0.5744304882538862,0.9709066268792997,0.9888040028045393,5.629637463722759,2.127239466148751,4
374,48,86.00153075108393,0.022314024184295445,8669.225688304066,150.0,291.2011884379514,1.8970444798850843,0.6058311221280366,1.149288585979525,1.1761249517054109,-22.916180469310547,-26.41874275698774,4
375,48,91.58632448612926,0.02213551199082108,9213.592612034963,190.0,332.8939526667335,1.72035794055203,0.5632322490461541,0.9689610720244403,0.9868242613364457,6.006117200985642,2.5033903450884907,4
376,48,82.95459682759066,0.021958427894894512,8372.592004635917,240.0,374.33067741720185,1.537273845150111,0.4551650654696143,0.6997133503743451,0.7099260303901291,73.12067744260611,69.61775270565909,4
377,48,88.61575057633101,0.021782760471735354,8959.588278866217,160.0,303.91783078747426,1.8587922665255565,0.5999240682980094,1.1151342186585589,1.1395476342111748,-18.824772738797947,-22.327621474927497,4
378,48,80.38208577012955,0.021608498387961472,8136.385536016863,160.0,303.92128436862356,1.85881851637892,0.5447971371974505,1.0126790062961797,1.034846535355677,-2.0730479312301497,-5.575445657943163,4
379,48,86.55817934781258,0.02143563040085778,8733.877895313308,180.0,325.1762588447399,1.772049598754033,0.5465786948915637,0.9685645569730771,0.9874134176035467,5.768495285931664,2.265584830374195,4
380,48,90.51717074859557,0.02126414535765092,9240.675918842457,230.0,363.66355731987346,1.5574263545203304,0.5170926565581678,0.805333731054835,0.8175989345548973,45.45513670534487,41.95224505155602,4
381,48,91.558508348596,0.021094032194789714,9336.78920618503,290.0,405.4811640568779,1.3815255569552982,0.46858812982677656,0.6473664770431756,0.6551850356731386,103.4988101760147,99.99633965413463,4
382,48,87.27318770634542,0.020925279937231398,8908.342136929377,290.0,410.77960300625455,1.3995756417079295,0.4413188024900819,0.617659046194335,0.6251198706409921,112.21820424386885,108.71523751348718,4
383,48,80.24424426633198,0.020757877697733546,8187.597462696214,230.0,372.54085397300435,1.5954434260003083,0.4472465411202779,0.7135565538336393,0.7244243841962763,66.8854089773098,63.382391634132034,4
384,48,88.85415188703298,0.020591814676151676,9000.42184044632,210.0,350.77454088223124,1.642951228539289,0.5221547264858484,0.8578747493699665,0.8721837354867165,30.344126270992888,26.841415546917375,4
385,48,94.03778737566797,0.020427080158742464,9515.680879168742,240.0,373.4080551350912,1.5334817649622947,0.5185857756081586,0.7952418304660691,0.8068504412094877,49.85931466816817,46.35589410891612,4
386,48,93.92540999690758,0.020263663517472524,9554.432509022286,210.0,342.29306418350353,1.603224017262087,0.5680299191040575,0.9106792088337261,0.9258700074175127,19.070252798612756,15.567298441396474,4
387,48,92.51398238889774,0.020101554209332743,9343.33832122553,220.0,346.8937351913617,1.5520797037225869,0.5481129105185587,0.8507149237666217,0.8642587947094331,33.365591713599116,29.86306516306047,4
388,48,75.45872874303234,0.02,7600.1598215056,210.0,333.12357948798615,1.5602783402308034,0.4642819118505314,0.724409010823506,0.7364916779376308,58.83940987988589,55.33674763236104,4
389,48,88.30682757365666,0.02,9015.686842219444,240.0,371.7082458136646,1.5265045001694169,0.49358395813108835,0.7534581333005664,0.7644551134933385,60.03365517676207,56.53077276083431,4
390,48,85.61630675365416,0.02,8718.693395019745,170.0,312.23228345360263,1.799580949139876,0.5682481280461468,1.0226085056195178,1.0436788858094597,-3.9226384010283937,-7.425410588651829,4
391,48,79.56426569686826,0.02,8077.620524748542,230.0,365.69311651917985,1.5661186967999343,0.4495014268871587,0.7039725888881531,0.7146938159909485,69.12323233496195,65.62042232136716,4
392,48,86.79351302055525,0.02,8801.394356517556,170.0,308.10131111716964,1.7757684698133256,0.5813294805695804,1.0323065621717697,1.0535786773769333,-5.605288264653524,-9.10837515513225,4
393,48,85.26796525172351,0.02,8707.861688945673,290.0,390.12377041683004,1.3291984941547603,0.4542276036660225,0.60375864679795,0.6110516736877014,116.29803327697957,112.79501462995555,4
394,48,83.80514602650034,0.02,8502.626299612333,170.0,302.8729870134065,1.745637323056689,0.5712904505045235,0.997265932709859,1.0178143835064304,0.4743683663139393,-3.028445197110983,4
395,48,88.07276666900417,0.02,8932.29659647001,180.0,320.5069794330452,1.7466074105339426,0.5671397111511898,0.9905704223078384,1.009845754095305,1.7303519059119594,-1.77223573816471,4
396,48,88.37352869789636,0.02,8982.36483432277,200.0,335.78887936654587,1.650039348784551,0.5443632461049728,0.8982207761079685,0.9139556218877721,20.712434256205427,17.208875621531632,4
397,48,87.51150045103931,0.02,8852.18485118925,210.0,340.0191889633907,1.5925712603914652,0.5297993982938621,0.8437432954979774,0.8578188653373496,33.361319053451695,29.85803827829878,4
398,48,95.20661207003155,0.02,9692.529367796264,260.0,391.8356142495903,1.4870205944582267,0.5033819424808877,0.7485393153493768,0.7586268178226744,66.26085220030919,62.75702736534603,4
399,48,91.1704700915164,0.02,9245.99874690226,210.0,350.96133662662277,1.6438218395516464,0.5361162466140779,0.8812795947251886,0.895981307136024,25.347194638698113,21.843925500539,4
400,48,85.86072537626838,0.02,8715.138016967889,210.0,336.7948034642124,1.5774670634108028,0.5265908405371681,0.8306797068436593,0.8445383744973904,36.15048210972657,32.64694135470347,4
